{
    "10": [
        269.3935151734129,
        96.98012756288466,
        34.403845055986885,
        86.83120921656386
    ],
    "20": [
        261.2506892317278,
        89.52260641525723,
        34.51060373583123,
        91.07983129808163
    ],
    "30": [
        267.2585861843655,
        78.22027604743442,
        34.58746197624855,
        90.82507604750286
    ],
    "40": [
        275.47115887858007,
        72.82881756602197,
        33.99999999999999,
        92.0
    ],
    "50": [
        290.84957870760445,
        81.784798194015,
        34.0,
        92.0
    ],
    "60": [
        303.7747338546237,
        85.12540848217506,
        33.99999999999999,
        91.99999999999999
    ],
    "70": [
        308.2824346013163,
        92.80592181599383,
        34.0,
        92.0
    ],
    "80": [
        318.2259122243324,
        84.15130415132671,
        34.00000000000001,
        92.00000000000001
    ],
    "90": [
        327.3300052913214,
        86.33191781645573,
        33.99999999999999,
        92.0
    ],
    "100": [
        318.41850165713987,
        82.20969695686784,
        34.00000000000002,
        92.00000000000004
    ],
    "110": [
        285.16961176816244,
        75.14602226660472,
        34.00000000000001,
        92.0
    ]
}