{
    "10": [
        267.718573696057,
        89.24929458787696,
        41.78138330499597,
        85.41724377133517
    ],
    "20": [
        261.011075186645,
        75.90656372077581,
        29.326939305306176,
        92.33823601918094
    ],
    "30": [
        270.4591645266983,
        77.71318722909248,
        26.77888812752597,
        89.83166780871106
    ],
    "40": [
        283.9314499710849,
        74.69057414646359,
        25.62168876437752,
        91.5674668534337
    ],
    "50": [
        302.94909566363765,
        89.3075561281158,
        25.697085877539834,
        91.45437118369024
    ],
    "60": [
        312.1452790555981,
        87.1122568587549,
        24.86857013935277,
        92.69714479097088
    ],
    "70": [
        316.3544361024332,
        87.67064048956843,
        26.44203426850694,
        90.33694859723958
    ],
    "80": [
        329.89096791952255,
        91.3192831325945,
        27.273177548667398,
        89.09023367699893
    ],
    "90": [
        331.82854209513476,
        89.28738139912889,
        27.47549999716741,
        88.78675000424886
    ],
    "100": [
        317.99841331038095,
        78.7343255381127,
        28.000000000000004,
        88.00000000000001
    ],
    "110": [
        282.2660781918077,
        67.41274586655852,
        28.0,
        88.0
    ]
}